timestamp,symbol,price,quantity,side
2026-01-13 02:40:01.275981,AAPL,100.1,156,SELL
2026-01-13 02:40:11.275981,AAPL,100.07,238,BUY
2026-01-13 02:40:21.275981,AAPL,100.02,380,BUY
2026-01-13 02:40:31.275981,AAPL,99.98,137,BUY
2026-01-13 02:40:41.275981,AAPL,100.29,199,BUY
2026-01-13 02:40:51.275981,AAPL,100.45,307,SELL
2026-01-13 02:41:01.275981,AAPL,100.35,241,SELL
2026-01-13 02:41:11.275981,AAPL,100.46,326,BUY
2026-01-13 02:41:21.275981,AAPL,100.51,285,BUY
2026-01-13 02:41:31.275981,AAPL,100.13,98,BUY
2026-01-13 02:41:41.275981,AAPL,99.93,237,SELL
2026-01-13 02:41:51.275981,AAPL,99.99,320,SELL
2026-01-13 02:42:01.275981,AAPL,100.03,413,BUY
2026-01-13 02:42:11.275981,AAPL,99.88,293,SELL
2026-01-13 02:42:21.275981,AAPL,100.11,184,BUY
2026-01-13 02:42:31.275981,AAPL,100.08,378,BUY
2026-01-13 02:42:41.275981,AAPL,99.68,395,BUY
2026-01-13 02:42:51.275981,AAPL,99.9,435,SELL
2026-01-13 02:43:01.275981,AAPL,100.06,477,BUY
2026-01-13 02:43:11.275981,AAPL,99.84,313,BUY
2026-01-13 02:43:21.275981,AAPL,99.76,99,SELL
2026-01-13 02:43:31.275981,AAPL,99.53,437,SELL
2026-01-13 02:43:41.275981,AAPL,99.25,309,SELL
2026-01-13 02:43:51.275981,AAPL,99.18,240,SELL
2026-01-13 02:44:01.275981,AAPL,99.23,353,BUY
2026-01-13 02:44:11.275981,AAPL,99.4,264,SELL
2026-01-13 02:44:21.275981,AAPL,99.38,257,BUY
2026-01-13 02:44:31.275981,AAPL,99.32,387,BUY
2026-01-13 02:44:41.275981,AAPL,99.23,301,SELL
2026-01-13 02:44:51.275981,AAPL,99.44,429,BUY
2026-01-13 02:45:01.275981,AAPL,99.5,114,BUY
2026-01-13 02:45:11.275981,AAPL,99.43,376,BUY
2026-01-13 02:45:21.275981,AAPL,99.29,112,BUY
2026-01-13 02:45:31.275981,AAPL,99.41,130,SELL
2026-01-13 02:45:41.275981,AAPL,99.59,310,SELL
2026-01-13 02:45:51.275981,AAPL,99.74,280,SELL
2026-01-13 02:46:01.275981,AAPL,99.44,97,BUY
2026-01-13 02:46:11.275981,AAPL,99.66,456,SELL
2026-01-13 02:46:21.275981,AAPL,99.9,409,SELL
2026-01-13 02:46:31.275981,AAPL,99.72,84,BUY
2026-01-13 02:46:41.275981,AAPL,99.78,180,BUY
2026-01-13 02:46:51.275981,AAPL,99.77,54,SELL
2026-01-13 02:47:01.275981,AAPL,99.61,332,BUY
2026-01-13 02:47:11.275981,AAPL,99.44,256,BUY
2026-01-13 02:47:21.275981,AAPL,99.41,228,BUY
2026-01-13 02:47:31.275981,AAPL,99.22,401,BUY
2026-01-13 02:47:41.275981,AAPL,99.75,437,SELL
2026-01-13 02:47:51.275981,AAPL,99.54,456,BUY
2026-01-13 02:48:01.275981,AAPL,99.84,85,BUY
2026-01-13 02:48:11.275981,AAPL,99.73,209,BUY
2026-01-13 02:48:21.275981,AAPL,99.57,115,SELL
2026-01-13 02:48:31.275981,AAPL,99.47,94,SELL
2026-01-13 02:48:41.275981,AAPL,99.65,77,SELL
2026-01-13 02:48:51.275981,AAPL,99.72,93,SELL
2026-01-13 02:49:01.275981,AAPL,99.74,397,BUY
2026-01-13 02:49:11.275981,AAPL,99.93,280,SELL
2026-01-13 02:49:21.275981,AAPL,99.88,495,BUY
2026-01-13 02:49:31.275981,AAPL,99.81,165,BUY
2026-01-13 02:49:41.275981,AAPL,99.28,214,BUY
2026-01-13 02:49:51.275981,AAPL,99.35,356,SELL
2026-01-13 02:50:01.275981,AAPL,99.44,423,SELL
2026-01-13 02:50:11.275981,AAPL,99.4,145,SELL
2026-01-13 02:50:21.275981,AAPL,99.22,491,SELL
2026-01-13 02:50:31.275981,AAPL,99.5,317,SELL
2026-01-13 02:50:41.275981,AAPL,99.71,150,BUY
2026-01-13 02:50:51.275981,AAPL,99.91,489,BUY
2026-01-13 02:51:01.275981,AAPL,99.83,273,BUY
2026-01-13 02:51:11.275981,AAPL,99.81,434,BUY
2026-01-13 02:51:21.275981,AAPL,99.88,267,SELL
2026-01-13 02:51:31.275981,AAPL,100.27,247,SELL
2026-01-13 02:51:41.275981,AAPL,100.12,233,BUY
2026-01-13 02:51:51.275981,AAPL,100.15,450,BUY
2026-01-13 02:52:01.275981,AAPL,100.13,147,SELL
2026-01-13 02:52:11.275981,AAPL,100.41,444,BUY
2026-01-13 02:52:21.275981,AAPL,100.21,398,BUY
2026-01-13 02:52:31.275981,AAPL,100.09,197,SELL
2026-01-13 02:52:41.275981,AAPL,99.78,401,BUY
2026-01-13 02:52:51.275981,AAPL,99.8,357,BUY
2026-01-13 02:53:01.275981,AAPL,99.61,387,SELL
2026-01-13 02:53:11.275981,AAPL,99.92,178,BUY
2026-01-13 02:53:21.275981,AAPL,99.77,200,BUY
2026-01-13 02:53:31.275981,AAPL,99.7,347,BUY
2026-01-13 02:53:41.275981,AAPL,99.58,161,BUY
2026-01-13 02:53:51.275981,AAPL,99.47,109,BUY
2026-01-13 02:54:01.275981,AAPL,99.41,189,BUY
2026-01-13 02:54:11.275981,AAPL,99.37,86,SELL
2026-01-13 02:54:21.275981,AAPL,99.08,148,BUY
2026-01-13 02:54:31.275981,AAPL,99.32,353,SELL
2026-01-13 02:54:41.275981,AAPL,99.44,124,BUY
2026-01-13 02:54:51.275981,AAPL,99.68,469,SELL
2026-01-13 02:55:01.275981,AAPL,99.86,161,SELL
2026-01-13 02:55:11.275981,AAPL,100.21,148,BUY
2026-01-13 02:55:21.275981,AAPL,100.59,257,BUY
2026-01-13 02:55:31.275981,AAPL,100.68,218,SELL
2026-01-13 02:55:41.275981,AAPL,100.49,326,SELL
2026-01-13 02:55:51.275981,AAPL,100.64,453,SELL
2026-01-13 02:56:01.275981,AAPL,100.84,450,SELL
2026-01-13 02:56:11.275981,AAPL,100.92,82,SELL
2026-01-13 02:56:21.275981,AAPL,100.87,424,SELL
2026-01-13 02:56:31.275981,AAPL,100.72,287,SELL
2026-01-13 02:56:41.275981,AAPL,100.7,487,SELL
2026-01-13 02:56:51.275981,AAPL,100.77,332,BUY
2026-01-13 02:57:01.275981,AAPL,100.77,333,BUY
2026-01-13 02:57:11.275981,AAPL,101.07,497,BUY
2026-01-13 02:57:21.275981,AAPL,101.19,196,SELL
2026-01-13 02:57:31.275981,AAPL,101.02,84,SELL
2026-01-13 02:57:41.275981,AAPL,100.8,269,SELL
2026-01-13 02:57:51.275981,AAPL,100.9,95,BUY
2026-01-13 02:58:01.275981,AAPL,100.97,86,SELL
2026-01-13 02:58:11.275981,AAPL,101.07,398,BUY
2026-01-13 02:58:21.275981,AAPL,101.49,237,BUY
2026-01-13 02:58:31.275981,AAPL,101.8,165,BUY
2026-01-13 02:58:41.275981,AAPL,101.61,210,SELL
2026-01-13 02:58:51.275981,AAPL,101.49,372,SELL
2026-01-13 02:59:01.275981,AAPL,101.22,103,SELL
2026-01-13 02:59:11.275981,AAPL,100.9,372,SELL
2026-01-13 02:59:21.275981,AAPL,100.67,176,BUY
2026-01-13 02:59:31.275981,AAPL,100.95,435,SELL
2026-01-13 02:59:41.275981,AAPL,101.12,348,SELL
2026-01-13 02:59:51.275981,AAPL,101.34,225,BUY
2026-01-13 03:00:01.275981,AAPL,101.52,404,SELL
2026-01-13 03:00:11.275981,AAPL,101.4,458,SELL
2026-01-13 03:00:21.275981,AAPL,101.4,362,SELL
2026-01-13 03:00:31.275981,AAPL,101.57,222,SELL
2026-01-13 03:00:41.275981,AAPL,101.84,449,SELL
2026-01-13 03:00:51.275981,AAPL,102.04,420,BUY
2026-01-13 03:01:01.275981,AAPL,102.05,337,BUY
2026-01-13 03:01:11.275981,AAPL,101.97,496,SELL
2026-01-13 03:01:21.275981,AAPL,101.79,239,BUY
2026-01-13 03:01:31.275981,AAPL,101.7,199,SELL
2026-01-13 03:01:41.275981,AAPL,101.61,219,SELL
2026-01-13 03:01:51.275981,AAPL,101.73,320,SELL
2026-01-13 03:02:01.275981,AAPL,101.33,313,BUY
2026-01-13 03:02:11.275981,AAPL,101.42,109,SELL
2026-01-13 03:02:21.275981,AAPL,101.41,311,BUY
2026-01-13 03:02:31.275981,AAPL,101.51,421,SELL
2026-01-13 03:02:41.275981,AAPL,101.94,357,SELL
2026-01-13 03:02:51.275981,AAPL,102.07,318,SELL
2026-01-13 03:03:01.275981,AAPL,101.66,194,SELL
2026-01-13 03:03:11.275981,AAPL,101.7,368,BUY
2026-01-13 03:03:21.275981,AAPL,101.54,278,SELL
2026-01-13 03:03:31.275981,AAPL,101.52,166,SELL
2026-01-13 03:03:41.275981,AAPL,101.62,178,SELL
2026-01-13 03:03:51.275981,AAPL,101.79,171,BUY
2026-01-13 03:04:01.275981,AAPL,101.48,167,SELL
2026-01-13 03:04:11.275981,AAPL,101.42,138,SELL
2026-01-13 03:04:21.275981,AAPL,101.45,238,BUY
2026-01-13 03:04:31.275981,AAPL,101.57,241,BUY
2026-01-13 03:04:41.275981,AAPL,101.9,125,SELL
2026-01-13 03:04:51.275981,AAPL,101.81,193,BUY
2026-01-13 03:05:01.275981,AAPL,101.76,267,SELL
2026-01-13 03:05:11.275981,AAPL,102.13,481,BUY
2026-01-13 03:05:21.275981,AAPL,101.88,271,BUY
2026-01-13 03:05:31.275981,AAPL,101.85,72,SELL
2026-01-13 03:05:41.275981,AAPL,102.16,339,SELL
2026-01-13 03:05:51.275981,AAPL,102.43,272,SELL
2026-01-13 03:06:01.275981,AAPL,102.44,306,SELL
2026-01-13 03:06:11.275981,AAPL,102.91,374,BUY
2026-01-13 03:06:21.275981,AAPL,102.87,433,SELL
2026-01-13 03:06:31.275981,AAPL,102.88,389,SELL
2026-01-13 03:06:41.275981,AAPL,103.03,82,BUY
2026-01-13 03:06:51.275981,AAPL,103.39,494,BUY
2026-01-13 03:07:01.275981,AAPL,103.48,114,BUY
2026-01-13 03:07:11.275981,AAPL,103.71,217,SELL
2026-01-13 03:07:21.275981,AAPL,103.57,61,BUY
2026-01-13 03:07:31.275981,AAPL,103.4,351,SELL
2026-01-13 03:07:41.275981,AAPL,103.42,264,BUY
2026-01-13 03:07:51.275981,AAPL,103.34,139,SELL
2026-01-13 03:08:01.275981,AAPL,103.65,467,BUY
2026-01-13 03:08:11.275981,AAPL,103.45,154,BUY
2026-01-13 03:08:21.275981,AAPL,103.52,124,BUY
2026-01-13 03:08:31.275981,AAPL,103.38,425,SELL
2026-01-13 03:08:41.275981,AAPL,103.47,213,SELL
2026-01-13 03:08:51.275981,AAPL,103.46,406,BUY
2026-01-13 03:09:01.275981,AAPL,103.83,148,SELL
2026-01-13 03:09:11.275981,AAPL,104.17,85,SELL
2026-01-13 03:09:21.275981,AAPL,104.27,200,SELL
2026-01-13 03:09:31.275981,AAPL,103.96,273,BUY
2026-01-13 03:09:41.275981,AAPL,104.12,328,BUY
2026-01-13 03:09:51.275981,AAPL,103.89,404,BUY
2026-01-13 03:10:01.275981,AAPL,104.02,133,SELL
2026-01-13 03:10:11.275981,AAPL,103.57,266,SELL
2026-01-13 03:10:21.275981,AAPL,103.45,149,SELL
2026-01-13 03:10:31.275981,AAPL,103.39,494,BUY
2026-01-13 03:10:41.275981,AAPL,103.31,333,SELL
2026-01-13 03:10:51.275981,AAPL,103.51,272,SELL
2026-01-13 03:11:01.275981,AAPL,103.24,193,BUY
2026-01-13 03:11:11.275981,AAPL,102.57,118,BUY
2026-01-13 03:11:21.275981,AAPL,102.79,102,BUY
2026-01-13 03:11:31.275981,AAPL,103.22,193,BUY
2026-01-13 03:11:41.275981,AAPL,103.58,288,SELL
2026-01-13 03:11:51.275981,AAPL,103.66,58,SELL
2026-01-13 03:12:01.275981,AAPL,103.68,279,BUY
2026-01-13 03:12:11.275981,AAPL,103.7,223,BUY
2026-01-13 03:12:21.275981,AAPL,103.6,332,SELL
2026-01-13 03:12:31.275981,AAPL,103.32,243,BUY
2026-01-13 03:12:41.275981,AAPL,103.01,185,SELL
2026-01-13 03:12:51.275981,AAPL,103.02,414,BUY
2026-01-13 03:13:01.275981,AAPL,102.96,376,BUY
2026-01-13 03:13:11.275981,AAPL,103.05,350,SELL
